Hisse,Son Fiyat (TL),Değişim (%),Değişim (TL),Hacim (TL),Hacim (Adet),
GOODY,20,54,-2,00,-0,42,36.498.930,1.754.412,
ALKIM,28,52,-0,97,-0,28,31.150.680,1.082.085,
CELHA,29,50,1,17,0,34,5.257.995,178.607,
RAYSG,22,66,5,99,1,28,29.904.806,1.327.621,
GLRYH,8,61,-3,37,-0,30,15.289.413,1.739.009,
BLCYT,12,29,4,24,0,50,25.004.030,2.087.023,
BTCIM,40,04,-0,89,-0,36,9.626.931,240.376,
KOZAL,22,18,-1,86,-0,42,1.693.227.311,74.642.864,
DOCO,3.574,10,5,03,171,30,48.901.848,13.776,
YAYLA,4,95,-0,80,-0,04,5.128.579,1.027.693,
TTKOM,19,49,1,19,0,23,1.553.696.026,79.484.570,
ULAS,16,00,-2,68,-0,44,5.060.886,310.907,
KUYAS,35,30,2,14,0,74,117.573.592,3.340.834,
DZGYO,2,96,0,00,0,00,10.810.068,3.622.313,
PKENT,114,60,0,17,0,20,10.290.638,89.362,
UMPAS,3,17,-0,31,-0,01,323.245,101.918,
VESTL,48,12,-0,95,-0,46,244.818.103,5.012.668,
TRGYO,16,59,-0,24,-0,04,22.418.741,1.351.285,
TCELL,35,72,-0,11,-0,04,1.539.312.621,42.337.518,
GEDIK,9,03,0,11,0,01,10.906.149,1.199.671,
BJKAS,18,95,1,34,0,25,193.076.840,10.350.726,
ESCOM,30,90,0,65,0,20,28.120.802,899.869,
MAALT,390,00,-1,39,-5,50,41.427.302,104.813,
DITAS,27,74,1,24,0,34,2.971.610,106.086,
PETKM,14,51,-0,89,-0,13,1.057.309.926,71.743.806,
BURCE,142,30,-9,99,-15,80,18.109.421,126.381,
SISE,42,24,-0,05,-0,02,2.135.722.313,50.090.585,
OSMEN,101,50,-1,84,-1,90,82.555.347,774.895,
ISBIR,73,00,1,96,1,40,676.581,9.402,
FRIGO,5,67,-0,53,-0,03,5.289.616,931.204,
CEMTS,8,66,0,12,0,01,58.938.298,6.748.362,
GOZDE,13,11,0,92,0,12,56.353.809,4.265.048,
YUNSA,112,70,2,83,3,10,99.226.471,878.881,
VKFYO,18,92,-9,99,-2,10,32.486.838,1.522.018,
CMENT,59,05,0,00,0,00,441.625,7.525,
MGROS,201,10,1,06,2,10,673.162.697,3.325.899,
EUKYO,5,10,-5,20,-0,28,4.682.296,896.387,
LKMNH,21,76,-0,64,-0,14,8.851.764,404.211,
AYES,18,18,0,50,0,09,1.086.401,60.315,
ENKAI,27,98,-1,62,-0,46,916.401.232,32.251.480,
EDIP,7,68,9,87,0,69,40.951.940,5.476.626,
ISMEN,56,95,0,98,0,55,62.826.343,1.110.325,
ADEL,177,90,4,59,7,80,47.422.858,266.807,
NUGYO,5,49,1,10,0,06,19.704.770,3.581.726,
ISATR,308.000,00,0,00,0,00,0,0,
TSKB,4,38,-1,57,-0,07,279.400.657,63.133.800,
HALKB,12,88,-1,30,-0,17,812.733.442,62.085.256,
AKSEN,31,78,-2,63,-0,86,402.108.924,12.332.566,
NIBAS,14,15,-0,21,-0,03,22.364.516,1.554.470,
VANGD,7,02,-1,40,-0,10,4.064.283,578.195,
SODSN,31,00,-2,82,-0,90,495.332,15.897,
MERKO,5,44,-0,18,-0,01,18.116.845,3.323.865,
TKNSA,18,23,-0,16,-0,03,44.335.482,2.419.573,
DARDL,4,12,-0,24,-0,01,41.873.884,10.033.385,
YKBNK,12,80,-1,46,-0,19,4.500.260.240,347.123.615,
ERSU,6,59,0,76,0,05,10.729.508,1.625.037,
UZERB,217,00,-2,25,-5,00,1.217.106,5.543,
TMSN,57,15,-1,97,-1,15,44.557.345,771.428,
ECZYT,131,00,-3,82,-5,20,68.829.683,510.241,
COSMO,86,30,8,69,6,90,13.167.427,156.620,
ULUSE,126,90,0,32,0,40,17.587.791,137.659,
ARENA,16,40,-2,09,-0,35,9.106.374,553.410,
ALGYO,27,70,-1,49,-0,42,24.869.685,885.689,
SAMAT,14,59,-1,29,-0,19,20.140.447,1.372.491,
DOAS,147,60,-0,07,-0,10,209.127.446,1.411.721,
RTALB,8,40,-2,33,-0,20,13.092.371,1.534.425,
KAPLM,89,10,10,00,8,10,38.318.544,444.343,
TURGG,205,90,0,68,1,40,6.858.293,33.077,
IDGYO,3,65,-0,54,-0,02,1.533.289,424.285,
OSTIM,4,23,9,87,0,38,193.590.525,46.918.482,
BRMEN,1,74,3,57,0,06,170.297,100.038,
KERVN,0,83,2,47,0,02,1.177.127,1.418.938,
BAKAB,43,08,2,38,1,00,4.120.176,95.135,
SELGD,6,44,-1,23,-0,08,848.738,131.055,
RHEAG,6,42,8,08,0,48,12.685.310,2.037.168,
ZOREN,2,94,-2,97,-0,09,280.748.511,94.198.885,
BRISA,53,05,2,02,1,05,21.866.136,418.988,
BRKSN,9,40,-0,11,-0,01,6.243.572,668.001,
VAKBN,10,19,0,20,0,02,884.997.183,85.778.182,
DOHOL,9,20,-3,66,-0,35,555.100.869,58.523.617,
SNKRN,22,48,-0,35,-0,08,765.565,33.860,
SKBNK,2,57,-1,53,-0,04,265.527.762,102.245.313,
DGGYO,24,04,-1,15,-0,28,8.477.517,347.846,
EKIZ,16,74,6,29,0,99,600.363,36.490,
AKBNK,18,89,-1,77,-0,34,4.539.779.301,236.543.483,
AFYON,8,85,2,31,0,20,128.815.206,14.506.062,
ISGYO,9,56,-0,42,-0,04,95.739.044,9.955.759,
GSRAY,7,77,-0,64,-0,05,166.608.643,21.331.780,
ARSAN,7,06,-3,02,-0,22,18.666.532,2.577.053,
PINSU,7,35,1,66,0,12,6.860.874,943.438,
BALAT,14,08,0,50,0,07,513.427,36.465,
KARSN,9,20,-0,43,-0,04,188.291.718,20.424.187,
HURGZ,3,99,1,27,0,05,24.463.965,6.066.220,
DGATE,18,20,-0,27,-0,05,10.147.011,552.870,
CLEBI,544,00,-0,46,-2,50,31.028.525,56.407,
GARAN,30,08,-1,89,-0,58,1.966.306.217,64.139.443,
GEREL,21,40,-0,74,-0,16,81.899.676,3.777.641,
KONYA,3.179,50,0,41,13,10,129.698.653,39.870,
EUYO,5,83,-2,83,-0,17,2.894.484,492.797,
SARKY,32,40,3,58,1,12,14.478.225,460.433,
DESPC,21,70,0,00,0,00,11.175.691,501.588,
OYLUM,4,10,-0,73,-0,03,16.563.295,3.983.725,
KERVT,8,61,-0,23,-0,02,27.994.366,3.212.750,
AYGAZ,81,05,0,37,0,30,68.929.750,855.636,
MERIT,37,78,-1,77,-0,68,10.943.607,286.032,
TTRAK,356,90,-2,09,-7,60,119.878.421,329.792,
FENER,58,50,-1,52,-0,90,295.068.344,4.956.510,
YAPRK,73,20,9,99,6,65,132.231.286,2.051.341,
KOZAA,46,62,2,24,1,02,1.124.538.943,23.972.699,
ATEKS,79,05,-1,19,-0,95,7.161.121,89.069,
ISKUR,770.000,00,0,00,0,00,0,0,
FLAP,6,19,4,21,0,25,35.208.698,5.747.189,
VAKFN,5,02,-3,83,-0,20,154.147.960,30.011.730,
TGSAS,17,15,4,19,0,69,13.154.702,768.909,
TKFEN,35,78,-2,40,-0,88,258.286.127,7.121.037,
GOLTS,143,60,-0,21,-0,30,60.353.846,413.745,
NETAS,26,66,-2,06,-0,56,18.464.110,682.113,
MNDRS,7,16,4,99,0,34,85.799.259,12.089.658,
MIPAZ,9,88,-0,10,-0,01,13.638.785,1.370.670,
MAKTK,3,99,-0,75,-0,03,13.820.253,3.437.515,
BIMAS,176,90,5,17,8,70,2.077.397.991,11.904.578,
HATEK,7,65,-1,54,-0,12,11.563.596,1.487.054,
INDES,19,00,1,33,0,25,18.221.735,971.187,
BRSAN,249,90,-1,96,-5,00,575.382.789,2.331.622,
MZHLD,7,25,-0,28,-0,02,6.319.892,869.299,
ANSGR,16,42,1,36,0,22,6.226.167,382.223,
RODRG,41,42,-9,17,-4,18,82.950.509,1.895.968,
ATAGY,5,90,8,66,0,47,6.536.096,1.120.808,
LIDFA,5,94,5,32,0,30,86.785.602,14.772.980,
FROTO,674,20,-1,58,-10,80,804.000.668,1.185.841,
AKSGY,5,51,7,62,0,39,23.337.238,4.345.785,
TSGYO,5,15,1,38,0,07,13.205.881,2.563.438,
EUHOL,1,92,-3,03,-0,06,36.288.220,18.688.248,
LINK,49,58,2,86,1,38,14.233.332,296.035,
TBORG,30,60,2,27,0,68,1.359.525,44.860,
TUCLK,30,20,1,68,0,50,16.680.261,544.868,
KRSTL,6,94,-1,42,-0,10,34.473.487,4.941.698,
METUR,5,68,-8,97,-0,56,121.103.113,20.077.509,
TRCAS,13,25,-0,38,-0,05,9.500.368,708.393,
SNPAM,16,09,0,56,0,09,1.840.201,114.738,
AYCES,122,70,-7,47,-9,90,185.270.985,1.372.316,
OZGYO,3,79,0,80,0,03,8.204.145,2.161.068,
DOBUR,37,80,1,07,0,40,5.454.182,145.004,
SANEL,16,46,0,06,0,01,9.046.052,547.880,
EGPRO,99,50,-3,96,-4,10,76.269.383,759.738,
PENGD,5,60,-0,53,-0,03,18.748.438,3.317.607,
KARTN,66,00,-1,12,-0,75,12.403.534,185.401,
CEMAS,1,64,-0,61,-0,01,43.430.889,26.302.456,
AGYO,4,37,-0,46,-0,02,6.680.799,1.518.424,
ASUZU,154,10,0,85,1,30,41.652.438,269.201,
TOASO,224,00,-0,22,-0,50,914.742.419,4.052.434,
OZRDN,18,01,-1,80,-0,33,15.295.530,849.180,
YESIL,4,34,1,40,0,06,330.613.998,72.934.545,
TUPRS,73,05,-1,81,-1,35,1.825.582.565,24.600.226,
AKMGY,77,60,-1,21,-0,95,4.535.567,57.723,
KORDS,79,20,-0,38,-0,30,160.396.036,2.001.714,
PETUN,51,80,2,68,1,35,9.466.107,183.964,
KAREL,16,50,6,59,1,02,83.679.114,5.255.570,
SILVR,13,24,1,15,0,15,12.989.553,971.638,
YBTAS,56.800,00,6,57,3.500,10,907.345,16,
KRONT,19,86,-1,19,-0,24,9.595.851,483.423,
DEVA,44,94,-0,18,-0,08,23.646.718,525.641,
ODAS,6,52,-0,76,-0,05,288.794.247,44.024.603,
POLTK,2.639,80,-0,62,-16,50,3.577.862,1.351,
BASCM,4,57,3,39,0,15,493.660,108.923,
FMIZP,141,80,3,05,4,20,19.988.441,141.395,
DURDO,32,90,2,49,0,80,5.922.577,181.945,
PRZMA,28,96,4,17,1,16,16.447.101,577.829,
LOGO,60,15,-0,17,-0,10,69.846.264,1.139.909,
TMPOL,27,68,1,02,0,28,10.604.735,384.762,
DENGE,1,98,-0,50,-0,01,11.284.079,5.675.206,
ERBOS,144,90,0,63,0,90,97.661.562,652.418,
AKCNS,85,50,1,18,1,00,150.402.776,1.765.140,
KLGYO,2,92,1,39,0,04,337.954.002,113.318.507,
KRDMD,21,22,-1,85,-0,40,1.348.232.271,62.537.139,
GLYHO,8,66,1,41,0,12,156.557.704,17.918.757,
SAYAS,26,56,0,38,0,10,13.226.448,495.826,
ETILR,13,90,-3,07,-0,44,13.953.547,990.986,
CRFSA,57,50,3,23,1,80,41.291.142,721.594,
HDFGS,2,48,-0,40,-0,01,11.296.858,4.536.935,
SEYKM,7,69,0,00,0,00,4.577.896,593.631,
ALBRK,2,83,0,35,0,01,138.435.191,48.915.654,
ISYAT,4,35,0,00,0,00,4.371.715,1.006.175,
BRKO,4,14,7,53,0,29,2.795.726,683.608,
BSOKE,3,38,0,00,0,00,16.535.725,4.843.615,
ISGSY,12,51,-2,11,-0,27,11.785.793,927.846,
MARTI,3,09,-2,22,-0,07,52.846.323,16.974.486,
ECILC,33,46,2,26,0,74,121.143.819,3.637.429,
YGGYO,34,32,-1,94,-0,68,2.079.226,60.238,
GSDHO,3,01,-1,31,-0,04,80.280.651,26.336.658,
ALKA,24,02,-2,36,-0,58,18.604.601,759.095,
GLBMD,12,62,1,86,0,23,5.513.262,450.046,
PARSN,90,70,-0,82,-0,75,177.214.052,1.958.033,
EGSER,5,86,-0,85,-0,05,16.665.167,2.819.289,
YGYO,1,81,1,12,0,02,41.405.717,22.382.264,
IHGZT,0,99,0,00,0,00,4.007.874,4.034.349,
AVOD,3,16,-3,07,-0,10,120.342.926,37.337.567,
ORMA,57,50,1,50,0,85,429.988,7.511,
PRKAB,27,36,9,97,2,48,127.669.208,4.740.854,
ANHYT,17,55,-0,23,-0,04,12.567.669,712.785,
ITTFH,3,90,3,72,0,14,62.525.759,16.063.149,
DYOBY,22,76,2,99,0,66,25.422.706,1.125.776,
ATLAS,3,30,0,92,0,03,6.636.069,1.989.014,
ALCAR,464,00,0,22,1,00,33.386.388,70.699,
YATAS,29,40,-0,68,-0,20,97.585.514,3.268.340,
MEGAP,4,13,3,77,0,15,68.908.357,17.143.502,
VERUS,145,00,-0,14,-0,20,24.274.023,168.790,
DESA,57,65,-3,11,-1,85,37.038.502,635.487,
INTEM,100,00,-5,57,-5,90,74.955.407,723.142,
TSPOR,4,11,-1,44,-0,06,43.337.490,10.410.536,
EPLAS,34,64,-6,53,-2,42,65.715.350,1.851.571,
ASELS,52,55,-0,66,-0,35,2.051.598.685,38.372.426,
BEYAZ,13,01,0,77,0,10,21.797.881,1.659.189,
CIMSA,117,40,3,89,4,40,469.906.204,4.010.745,
ANELE,4,92,1,44,0,07,40.114.791,8.170.457,
RYGYO,13,75,-4,58,-0,66,41.836.050,2.998.723,
ISBTR,53.891,10,-10,00,-5.987,90,1.148.780,21,
RYSAS,44,42,-6,80,-3,24,92.291.453,2.063.164,
ADESE,1,48,1,37,0,02,97.821.804,66.272.874,
OZKGY,11,70,-1,52,-0,18,30.842.954,2.611.692,
ORGE,25,42,-1,93,-0,50,22.109.345,858.247,
PNSUT,51,50,1,88,0,95,9.849.658,191.457,
SNGYO,2,51,-1,18,-0,03,62.365.538,24.579.967,
AYEN,28,88,-3,35,-1,00,78.914.237,2.712.385,
SKTAS,2,79,6,49,0,17,35.675.287,13.022.448,
KCHOL,99,40,-1,58,-1,60,2.261.320.083,22.481.317,
IHLAS,0,84,2,44,0,02,31.459.109,37.479.158,
EMKEL,7,55,3,57,0,26,55.539.138,7.405.464,
ROYAL,6,80,0,00,0,00,0,0,
TATGD,27,08,-1,17,-0,32,42.247.104,1.534.751,
MRGYO,6,04,2,03,0,12,21.078.696,3.485.053,
OYAYO,11,20,0,45,0,05,13.742.134,1.234.795,
AEFES,64,80,-1,82,-1,20,191.844.699,2.914.633,
MMCAS,4,37,-3,74,-0,17,573.326,131.125,
SEKFK,8,79,2,21,0,19,55.584.264,6.220.577,
TUKAS,13,20,-2,94,-0,40,49.743.070,3.686.946,
TAVHL,86,30,0,58,0,50,508.365.145,5.860.845,
SASA,55,50,-1,42,-0,80,2.458.420.562,44.226.369,
PGSUS,589,30,0,39,2,30,1.102.178.596,1.860.200,
IZMDC,5,72,2,33,0,13,242.320.051,41.807.117,
DMSAS,9,24,1,87,0,17,11.496.234,1.277.742,
AKENR,4,31,-2,27,-0,10,23.101.866,5.329.598,
IPEKE,27,56,-0,51,-0,14,130.298.915,4.671.108,
KENT,176,60,0,11,0,20,566.543,3.210,
KLMSN,19,39,1,41,0,27,36.033.643,1.844.096,
AVTUR,3,55,-3,53,-0,13,4.080.890,1.156.244,
SRVGY,227,00,2,71,6,00,47.468.496,213.078,
DOGUB,12,25,0,49,0,06,41.323.075,3.321.846,
TEKTU,2,81,0,00,0,00,19.405.549,6.867.183,
DAGI,5,99,0,00,0,00,4.531.880,755.401,
VKGYO,2,44,1,24,0,03,58.981.800,24.311.398,
ULKER,33,78,1,44,0,48,225.812.399,6.682.709,
BURVA,63,80,-9,95,-7,05,4.158.612,65.182,
KRTEK,18,08,0,50,0,09,4.645.509,255.736,
SEKUR,18,91,0,59,0,11,4.978.945,263.821,
USAK,3,33,-0,30,-0,01,17.452.740,5.195.205,
EGEEN,4.958,40,4,72,223,70,182.063.587,36.820,
CCOLA,247,10,-0,84,-2,10,264.748.929,1.061.529,
BRYAT,1.010,00,0,34,3,40,109.616.870,107.169,
AKGRT,3,32,-0,60,-0,02,37.908.955,11.145.668,
AKFGY,3,86,2,66,0,10,128.969.965,33.406.798,
KLNMA,11,70,0,43,0,05,512.255,43.729,
BNTAS,5,36,-1,11,-0,06,13.571.295,2.516.269,
BAGFS,24,90,-2,51,-0,64,42.032.139,1.666.249,
OTKAR,189,00,-1,82,-3,50,55.434.967,288.965,
AVHOL,66,55,10,00,6,05,106.208.343,1.642.599,
KNFRT,14,78,1,23,0,18,12.062.661,818.352,
MRSHL,480,00,-0,83,-4,00,7.468.157,15.400,
EREGL,36,82,0,60,0,22,3.081.727.616,83.571.945,
SELEC,34,62,1,17,0,40,44.878.199,1.287.556,
ARCLK,111,50,-2,36,-2,70,616.551.046,5.393.587,
ISCTR,13,42,-2,75,-0,38,2.885.530.990,210.473.467,
BUCIM,6,04,2,03,0,12,94.511.948,15.605.900,
AVGYO,4,24,-0,70,-0,03,22.299.729,5.258.621,
BIZIM,26,80,3,96,1,02,48.958.156,1.868.452,
BFREN,3.919,80,0,82,31,80,40.366.906,10.168,
YYAPI,2,62,-1,87,-0,05,209.776.316,77.238.199,
PKART,22,76,1,97,0,44,9.173.284,400.503,
EKGYO,7,20,0,42,0,03,1.890.629.092,257.591.585,
SANKO,21,80,-0,64,-0,14,8.317.040,380.272,
PEGYO,6,45,-0,15,-0,01,6.190.443,964.489,
IHEVA,1,53,-0,65,-0,01,7.728.295,5.044.990,
SAHOL,43,98,4,17,1,76,2.687.043.137,61.590.660,
LUKSK,26,94,0,45,0,12,8.899.150,329.042,
KSTUR,309,80,-1,81,-5,70,142.292,457,
JANTS,105,10,-1,87,-2,00,41.360.127,386.711,
KRGYO,19,54,5,34,0,99,56.153.545,2.927.408,
GRNYO,4,63,-1,49,-0,07,8.686.219,1.864.987,
ALCTL,84,60,-6,52,-5,90,112.427.181,1.277.501,
GEDZA,24,60,4,24,1,00,18.463.347,760.628,
THYAO,180,70,-1,26,-2,30,8.564.601.998,46.716.947,
PAGYO,26,48,0,99,0,26,2.976.310,112.196,
ALARK,72,00,-0,21,-0,15,357.681.597,4.917.940,
POLHO,10,31,2,89,0,29,58.530.092,5.669.428,
GSDDE,7,32,-0,68,-0,05,7.734.501,1.046.606,
CMBTN,506,20,1,91,9,50,27.490.943,53.581,
DIRIT,5,40,5,88,0,30,783.519,143.217,
HEKTS,31,44,0,26,0,08,2.051.163.831,64.778.898,
GARFA,28,96,9,95,2,62,12.235.921,424.748,
SONME,36,98,-6,90,-2,74,35.243.486,904.136,
AKSUE,49,76,1,22,0,60,75.305.064,1.504.187,
IEYHO,1,55,1,31,0,02,17.807.484,11.467.756,
ATSYH,67,65,10,00,6,15,6.147.231,92.582,
KRDMA,19,10,-2,15,-0,42,40.144.409,2.058.825,
VAKKO,49,80,-0,60,-0,30,18.726.515,373.569,
MEPET,4,65,-3,93,-0,19,11.418.481,2.417.145,
VESBE,11,42,-0,95,-0,11,66.512.086,5.760.154,
AKSA,67,25,-0,52,-0,35,123.420.797,1.813.111,
YONGA,27,50,2,00,0,54,773.668,27.916,
ACSEL,62,00,-0,16,-0,10,7.338.180,117.484,
DERIM,9,86,-1,20,-0,12,6.666.873,672.436,
PSDTC,30,46,0,07,0,02,5.929.562,193.133,
HLGYO,4,18,-1,42,-0,06,66.722.944,15.673.807,
NTHOL,12,80,-0,47,-0,06,24.338.443,1.884.992,
SANFM,16,09,-4,79,-0,81,34.032.730,1.977.504,
CRDFA,3,37,0,90,0,03,32.810.133,9.736.313,
INFO,8,06,-2,07,-0,17,25.305.419,3.117.520,
EGGUB,75,10,-0,79,-0,60,6.334.509,83.812,
KATMR,1,36,-1,45,-0,02,36.683.842,26.844.936,
ULUUN,27,76,0,29,0,08,48.455.878,1.728.609,
NUHCM,130,60,4,65,5,80,105.417.341,799.249,
BOSSA,11,89,1,80,0,21,17.407.198,1.463.362,
DAGHL,11,36,0,71,0,08,7.832.635,691.428,
METRO,1,69,-1,17,-0,02,19.387.475,11.372.794,
IZFAS,9,98,0,50,0,05,26.972.887,2.739.624,
EMNIS,45,62,4,87,2,12,487.892,10.957,
ETYAT,4,48,-2,18,-0,10,2.281.664,504.015,
VKING,33,26,9,99,3,02,18.537.143,569.293,
ISFIN,7,27,7,07,0,48,214.707.039,30.093.423,
GENTS,6,25,5,75,0,34,25.421.250,4.142.085,
PRKME,17,60,10,00,1,60,39.288.690,2.251.523,
KRDMB,18,39,-1,08,-0,20,26.463.398,1.424.436,
BANVT,82,75,-1,37,-1,15,13.982.195,166.506,
KUTPO,50,25,1,60,0,79,44.066.987,870.753,
IHYAY,0,90,3,45,0,03,12.148.053,13.722.529,
VERTU,29,00,-0,14,-0,04,11.813.129,406.447,
ICBCT,7,59,-1,30,-0,10,7.193.092,935.312,
CUSAN,18,76,7,20,1,26,30.385.422,1.667.607,
ISDMR,34,20,-0,23,-0,08,103.557.393,2.999.823,
UFUK,63,60,9,94,5,75,5.582.523,89.313,
MSGYO,6,63,1,38,0,09,14.183.053,2.134.961,
ZOREN,1,95,-3,94,-0,08,50.822.169,25.693.649,
GUBRF,266,30,-2,31,-6,30,1.139.127.435,4.231.817,
SKTAS,0,80,11,11,0,08,8.239.691,10.783.328,
IHLGM,1,00,0,00,0,00,18.287.993,18.274.681,
FONET,12,77,0,31,0,04,3.148.872,247.847,
MARKA,10,01,-1,86,-0,19,18.396.197,1.830.047,
MAVI,63,95,1,35,0,85,143.640.443,2.244.305,
BERA,10,89,-2,24,-0,25,87.146.026,7.862.831,
AGHOL,106,20,1,14,1,20,85.006.037,797.770,
SAFKR,13,81,-1,50,-0,21,3.022.307,217.518,
TLMAN,56,25,0,45,0,25,12.620.465,224.641,
QNBFB,45,00,6,89,2,90,2.144.837,48.951,
ENJSA,31,68,-0,25,-0,08,220.307.729,6.950.557,
SUMAS,87,00,1,75,1,50,330.230,3.788,
MPARK,77,35,9,56,6,75,91.043.186,1.222.543,
PEKGY,8,29,7,66,0,59,32.359.023,4.041.121,
TDGYO,4,90,-3,35,-0,17,6.449.693,1.288.264,
RALYH,70,50,2,92,2,00,35.994.167,514.555,
QNBFL,94,00,6,15,5,45,856.149,8.862,
DOKTA,53,05,7,26,3,59,133.035.181,2.508.391,
KFEIN,22,00,0,18,0,04,5.825.072,264.151,
SOKM,32,30,1,25,0,40,234.184.124,7.274.382,
FORMT,2,95,4,61,0,13,78.109.787,26.765.819,
HUBVC,4,66,-4,70,-0,23,24.495.293,5.124.022,
MTRYO,3,97,-2,22,-0,09,1.532.649,388.216,
IDEAS,31,36,-9,99,-3,48,55.301.769,1.678.798,
SMART,8,21,0,12,0,01,22.812.502,2.761.934,
CEOEM,10,29,0,39,0,04,15.742.872,1.527.306,
NATEN,145,70,-2,93,-4,40,52.497.324,355.235,
YKSLN,10,53,8,33,0,81,117.209.327,11.126.501,
PAPIL,15,50,1,44,0,22,11.500.844,738.636,
ARDYZ,8,16,-0,73,-0,06,32.357.297,3.910.667,
CASA,136,70,-3,73,-5,30,941.595,6.880,
VKGYO,0,72,2,86,0,02,14.452.252,20.425.666,
OYAKC,41,30,2,23,0,90,862.966.330,20.559.473,
BAYRK,4,73,2,16,0,10,18.489.069,3.893.101,
AKYHO,2,10,-2,33,-0,05,15.828.120,7.469.049,
FADE,10,04,-0,59,-0,06,10.678.215,1.059.085,
ALMAD,4,97,-1,78,-0,09,26.045.406,5.166.428,
TURSG,11,17,0,72,0,08,25.241.762,2.267.120,
DNISI,6,29,-1,10,-0,07,9.261.292,1.445.613,
INVEO,20,48,0,00,0,00,20.415.290,997.258,
ESEN,60,15,-2,67,-1,65,28.443.658,467.242,
KONTR,145,50,1,25,1,80,456.930.614,3.126.807,
PAMEL,149,00,0,13,0,20,206.653.753,1.374.072,
KRVGD,18,30,-0,05,-0,01,42.764.112,2.342.082,
ARZUM,21,90,0,00,0,00,6.944.499,316.239,
ISKPL,5,54,0,36,0,02,14.654.132,2.644.468,
TRILC,9,26,-0,43,-0,04,15.486.409,1.671.724,
NTGAZ,23,52,1,55,0,36,65.648.596,2.745.775,
DERHL,5,70,1,24,0,07,12.979.832,2.295.236,
MTRKS,35,80,-0,56,-0,20,4.920.436,136.789,
TUREX,24,50,-3,39,-0,86,22.809.395,890.475,
QUAGR,90,30,-3,94,-3,70,423.420.855,4.634.308,
GWIND,16,75,-2,10,-0,36,41.410.086,2.425.408,
BIOEN,13,90,-2,32,-0,33,32.350.548,2.293.196,
AYDEM,13,85,-0,79,-0,11,44.299.683,3.183.021,
CANTE,26,20,1,16,0,30,312.586.866,12.107.145,
ZRGYO,4,21,-2,77,-0,12,22.590.406,5.197.816,
PENTA,26,04,9,97,2,36,791.922.629,31.343.178,
KLKIM,56,15,4,17,2,25,219.066.226,3.848.742,
MERCN,28,30,-2,41,-0,70,9.597.458,334.135,
BOBET,18,97,0,48,0,09,76.055.451,3.966.491,
ATATP,17,87,-1,65,-0,30,4.958.625,274.481,
UNLU,9,55,-1,55,-0,15,14.375.895,1.484.170,
BMSCH,16,05,0,44,0,07,35.595.828,2.182.412,
OYYAT,45,00,2,83,1,24,13.744.566,311.960,
BASGZ,13,02,0,54,0,07,40.555.782,3.116.430,
SELVA,10,94,0,46,0,05,32.919.175,3.061.927,
KGYO,44,20,3,13,1,34,26.255.396,598.156,
MEDTR,32,02,-0,50,-0,16,9.335.905,291.122,
EDATA,7,10,-1,25,-0,09,9.957.656,1.394.051,
KTSKR,42,52,-1,44,-0,62,21.123.348,491.180,
VBTYZ,44,00,2,33,1,00,51.275.418,1.176.350,
ESCAR,81,05,1,38,1,10,18.273.081,227.673,
KARYE,19,79,-0,35,-0,07,10.009.701,503.366,
MANAS,7,27,1,25,0,09,22.820.018,3.152.807,
AGESA,34,46,-0,12,-0,04,30.395.590,889.784,
GENIL,40,58,-1,02,-0,42,40.699.339,992.429,
KZBGY,17,85,-0,17,-0,03,95.106.247,5.280.814,
GESAN,54,35,-0,91,-0,50,410.499.759,7.517.344,
BRLSM,9,46,-1,97,-0,19,77.398.304,7.907.084,
EGEPO,19,50,1,99,0,38,9.636.297,497.405,
ORCAY,7,26,1,26,0,09,73.659.413,9.846.070,
YEOTK,71,10,-1,18,-0,85,142.548.972,1.982.905,
TEZOL,25,40,0,24,0,06,12.507.396,492.289,
KIMMR,5,13,-1,16,-0,06,24.609.667,4.767.506,
ANGEN,12,92,1,33,0,17,21.799.675,1.686.646,
GLCVY,24,10,-0,50,-0,12,16.231.953,672.762,
HEDEF,18,74,-0,05,-0,01,17.323.172,930.108,
MAGEN,39,88,-1,24,-0,50,44.422.704,1.109.085,
TETMT,227,50,5,13,11,10,16.422.564,72.860,
IHAAS,139,00,-8,79,-13,40,27.952.110,193.409,
ARASE,141,80,-1,87,-2,70,15.664.714,110.220,
ULUFA,5,44,0,55,0,03,17.879.939,3.259.052,
GMTAS,11,10,1,00,0,11,9.456.732,861.638,
ELITE,16,16,-1,52,-0,25,16.478.359,1.018.775,
ISSEN,16,77,0,24,0,04,58.524.083,3.508.141,
MIATK,110,30,-1,96,-2,20,73.789.513,664.670,
MOBTL,3,54,0,85,0,03,69.324.855,19.450.325,
KONKA,35,22,-0,06,-0,02,29.296.995,826.745,
PCILT,28,28,5,21,1,40,27.700.332,1.006.601,
RNPOL,16,05,-1,23,-0,20,34.834.612,2.143.786,
PSGYO,7,11,-4,95,-0,37,153.492.030,20.941.415,
DGNMO,6,50,0,15,0,01,13.316.890,2.032.204,
OTTO,127,90,0,71,0,90,258.441,2.023,
ERCB,112,60,-2,00,-2,30,87.393.228,760.413,
PNLSN,40,28,-1,23,-0,50,21.814.843,532.630,
HUNER,6,98,-0,29,-0,02,25.918.975,3.711.261,
DAPGM,59,05,0,08,0,05,69.992.511,1.161.256,
INVES,262,00,0,77,2,00,25.011.006,96.046,
HTTBT,40,50,4,38,1,70,18.434.843,458.817,
KLSYN,4,74,0,85,0,04,38.442.765,8.177.385,
GZNMI,14,80,0,00,0,00,10.554.435,709.014,
GRSEL,17,58,-0,57,-0,10,17.348.414,973.955,
ENSRI,7,92,-1,25,-0,10,8.033.121,1.009.390,
SMRTG,76,00,1,47,1,10,408.378.197,5.322.006,
LIDER,77,75,3,67,2,75,40.368.135,526.910,
CONSE,6,01,-1,15,-0,07,20.005.976,3.312.960,
SUWEN,57,40,-2,21,-1,30,12.037.019,209.219,
BMSTL,61,05,10,00,5,55,115.808.099,1.939.386,
KMPUR,90,50,-1,52,-1,40,59.330.027,651.195,
IMASM,14,92,-1,78,-0,27,238.606.060,15.801.651,
IZINV,24,58,-0,73,-0,18,27.438.835,1.094.175,
YYLGD,26,44,-1,49,-0,40,48.505.602,1.827.683,
SUNTK,44,76,2,24,0,98,16.782.008,376.933,
SEGYO,2,22,-0,89,-0,02,16.733.605,7.494.595,
EUREN,11,32,-2,58,-0,30,190.541.199,16.476.558,
PRDGS,5,82,0,69,0,04,25.516.475,4.381.542,
MAKIM,23,94,1,27,0,30,12.830.814,534.992,
KCAER,16,75,-0,30,-0,05,50.387.302,3.017.625,
RUBNS,19,99,3,09,0,60,29.074.144,1.473.910,
KLRHO,14,12,4,59,0,62,138.946.963,9.870.217,
KRPLS,6,56,-0,15,-0,01,9.274.622,1.400.878,
OBASE,15,37,0,13,0,02,7.241.823,471.595,
BARMA,12,75,-2,15,-0,28,17.576.552,1.359.690,
AZTEK,27,70,0,87,0,24,42.965.853,1.555.449,
HKTM,45,90,-0,69,-0,32,16.777.179,366.091,
KUVVA,37,60,-2,34,-0,90,695.185,18.512,
ZEDUR,45,02,7,04,2,96,5.847.977,130.916,
MNDTR,14,26,-6,12,-0,93,323.121.356,20.588.630,
ALFAS,459,50,9,12,38,40,1.689.946.853,3.821.637,
ALTIN,14,90,0,00,0,00,410.490.862,27.441.716,
SNICA,24,98,-0,72,-0,18,58.137.305,2.301.486,
OZSUB,16,01,5,40,0,82,42.881.425,2.684.862,
PLTUR,11,04,-0,09,-0,01,36.238.064,3.264.131,
BRKVY,21,22,9,95,1,92,47.306.915,2.287.060,
TERA,23,00,-2,46,-0,58,5.539.050,238.188,
AHGAZ,7,92,-3,30,-0,27,624.865.824,77.859.349,
EYGYO,19,96,-0,30,-0,06,45.954.178,2.271.076,
ONCSM,86,90,0,23,0,20,138.644.877,1.557.359,
SDTTR,115,80,2,30,2,60,305.941.222,2.598.934,
TNZTP,25,40,-0,94,-0,24,37.421.556,1.475.467,
SOKE,13,32,3,82,0,49,156.822.777,11.739.625,
ASTOR,54,00,1,79,0,95,2.532.123.468,47.391.975,
MACKO,70,05,9,97,6,35,283.843.903,4.202.432,
BVSAN,48,00,-1,68,-0,82,50.545.433,1.043.355,
GOKNR,12,37,-0,24,-0,03,49.756.324,4.004.191,
AKFYE,10,51,-0,76,-0,08,212.932.953,20.045.835,
EKSUN,60,60,-1,14,-0,70,63.528.674,1.035.768,
KOPOL,47,50,2,37,1,10,210.965.542,4.473.301,
CVKMD,153,40,-1,67,-2,60,234.255.770,1.503.589,
EUPWR,85,40,-0,76,-0,65,763.723.671,8.865.358,
GRTRK,21,00,-0,38,-0,08,71.328.799,3.353.877,
CWENE,181,80,7,96,13,40,1.585.955.346,8.911.930,
BIGCH,22,08,-0,27,-0,06,31.699.322,1.420.398,
BIENY,42,80,-0,14,-0,06,633.308.623,14.770.754,
KAYSE,16,82,2,19,0,36,635.832.737,37.641.329,
INGRM,585,20,10,00,53,20,55.869.274,99.808,
KTLEV,14,32,-2,19,-0,32,366.070.865,25.021.419,
PASEU,33,26,9,99,3,02,49.395.124,1.485.121,
FORTE,16,12,9,96,1,46,14.875.197,922.779,
A1CAP,30,24,9,96,2,74,35.365.650,1.169.499,
